<?xml version="1.0" encoding="UTF-8" standalone="yes"?>
<addon id="repository.XBMAN" name="XBMAN's Addon Repository" version="1.6" provider-name="xbman">
	<extension point="xbmc.addon.repository" name="XBMAN's Addons Repository">
		<info compressed="false">http://github.com/xbman/Repo/raw/master/addons.xml</info>
		<checksum>http://github.com/xbman/Repo/raw/master/addons.xml.md5</checksum>
		<datadir zip="true">http://github.com/xbman/Repo/raw/master/zips</datadir>
	</extension>
	<extension point="xbmc.addon.metadata">
		<summary>XBMAN's Addon Repository</summary>
		<description>Download and install addons from XBMAN.

[COLOR olive]* Support: https://github.com/xbman/Repo/issues[/COLOR]</description>
		<platform>all</platform>
	</extension>
</addon>

