<?xml version="1.0" encoding="UTF-8" standalone="yes"?>
<addon id="repository.XBMAN" name="XBMAN's Addon Repository" version="1.2" provider-name="xbman">
	<extension point="xbmc.addon.repository" name="XBMAN's Addons Repository">
		<info compressed="false">https://offshoregit.com/xbman/addons.xml</info>
		<checksum>https://offshoregit.com/xbman/addons.xml.md5</checksum>
		<datadir zip="true">https://offshoregit.com/xbman/zips</datadir>
	</extension>
	<extension point="xbmc.addon.metadata">
		<summary>XBMAN's Addon Repository</summary>
		<description>[COLOR slategray]Download and install addons from XBMAN.[/COLOR]

* Current Available Addons:

1: [COLOR limegreen]YouNow[/COLOR] -Watch Broadcasters Live.

[COLOR olive]* For Support please visit: tvaddons.ag[/COLOR]</description>
		<platform>all</platform>
	</extension>
</addon>

